month,trades,total_R,avg_R
2025-01,19,-8.205,-0.4318421052631579
2025-02,14,-5.503,-0.39307142857142857
2025-03,17,-5.247999999999999,-0.30870588235294116
2025-04,7,-1.7999999999999998,-0.2571428571428571
2025-05,13,-4.3709999999999996,-0.3362307692307692
2025-06,13,1.7950000000000006,0.13807692307692312
2025-07,18,9.335,0.5186111111111111
2025-08,17,4.541,0.26711764705882357
2025-09,10,6.601000000000001,0.6601000000000001
2025-10,1,-1.0,-1.0
