model,trades,winrate,total_R,max_DD_R,threshold
Baseline_A_2R,145,0.3517241379310344,3.460000000000001,29.114,
Baseline_B_3R,144,0.2638888888888889,3.946000000000005,28.319,
Baseline_C_2R_asiaFilter,4,0.5,1.2000000000000002,1.0,
Baseline_D_2R_retrace,138,0.3768115942028985,15.580000000000004,24.003,
Proposed_XGB_thr_0.50,544,0.40625,-10.845465766093461,32.00631040347608,0.5
Proposed_XGB_thr_0.60,514,0.4066147859922179,-8.256064691254279,27.138528236856843,0.6
Proposed_XGB_thr_0.70,471,0.4012738853503185,-19.194565580611837,32.01393995206867,0.7
