model,trades,winrate,total_R,max_DD_R,threshold
ProposedV2_thr_0.30,1198,0.3622704507512521,94.9229588468582,25.0,0.3
ProposedV2_thr_0.40,1198,0.3622704507512521,94.9229588468582,25.0,0.4
ProposedV2_thr_0.50,1198,0.3622704507512521,94.9229588468582,25.0,0.5
ProposedV2_thr_0.60,1198,0.3622704507512521,94.9229588468582,25.0,0.6
ProposedV2_thr_0.70,1198,0.3622704507512521,94.9229588468582,25.0,0.7
ProposedV2_thr_0.80,1198,0.3622704507512521,94.9229588468582,25.0,0.8
