split,accuracy,auc
train,1.0,1.0
val,0.8235294117647058,0.625
test,0.6842105263157895,0.6666666666666666
