split,accuracy,auc
train,1.0,1.0
val,0.8823529411764706,0.875
test,0.8421052631578947,0.6666666666666666
